[{"id":"1","name":"first completed mission","description":"complete any mission","criteria":"3","continuous":"0","category":"0","difficulty":"0"},{"id":"2","name":"completed partizan mission dificulty 1","description":"number of completed partizan missions with difficulty 1","criteria":"2","continuous":"1","category":"5","difficulty":"1"},{"id":"3","name":"unlocked all difficulty 1 artifacts","description":"find all difficulty 1 artifacts","criteria":"1","continuous":"0","category":"0","difficulty":"0"},{"id":"4","name":"unlocked all difficulty 2 artifacts","description":"find all difficulty 2 artifacts","criteria":"1","continuous":"0","category":"0","difficulty":"0"},{"id":"5","name":"unlocked all difficulty 3 artifacts","description":"find all difficulty 3 artifacts","criteria":"1","continuous":"0","category":"0","difficulty":"0"},{"id":"7","name":"unlocked all difficulty 1 partizan artifacts","description":"find all difficulty 1 partizan artifacts","criteria":"1","continuous":"0","category":"5","difficulty":"1"},{"id":"8","name":"completed partizan mission difficulty 2","description":"number of completed partizan missions with difficulty 2","criteria":"2","continuous":"1","category":"5","difficulty":"2"},{"id":"9","name":"unlocked all difficulty 2 partizan artifacts","description":"find all difficulty 2 partizan artifacts","criteria":"1","continuous":"0","category":"5","difficulty":"2"},{"id":"10","name":"completed partizan mission difficulty 3","description":"number of completed partizan missions with difficulty 3","criteria":"2","continuous":"1","category":"5","difficulty":"3"},{"id":"11","name":"unlocked all difficulty 3 partizan artifacts","description":"find all difficulty 3 partizan missions","criteria":"1","continuous":"0","category":"5","difficulty":"3"},{"id":"12","name":"unlocked all difficulty 4 artifacts","description":"find all difficulty 4 artifacts","criteria":"1","continuous":"0","category":"0","difficulty":"0"}]