[{"id":"3","name":"pitu guli","description":"toj so karpata","picture":"images\/images.jpg","difficulty":"1","category":"7","location":{"id":"9","floor":"2","xpercent":"0.781034","ypercent":"0.758182"}},{"id":"5","name":"leonidas","description":"caro negotinski","picture":"images\/300_spartans_by_lukarley-d5rcq7r.jpg","difficulty":"4","category":"8","location":{"id":"18","floor":"2","xpercent":"0.0948276","ypercent":"0.609091"}},{"id":"8","name":"kristofer","description":"aka kolumbo","picture":"images\/christopher-columbus.jpg","difficulty":"4","category":"9","location":null},{"id":"14","name":"mirko2","description":"chetnik srpski","picture":"images\/serbian_chetnik_soldier.jpg","difficulty":"2","category":"5","location":{"id":"16","floor":"2","xpercent":"0.324138","ypercent":"0.645455"}},{"id":"15","name":"partizan artifact 1","description":"participant in ilinden","picture":"images\/mirko-i-slavko.jpg","difficulty":"1","category":"5","location":{"id":"10","floor":"2","xpercent":"0.781034","ypercent":"0.758182"}},{"id":"16","name":"partizan artifact 2","description":"participant in ilinden","picture":"images\/mirko-i-slavko.jpg","difficulty":"1","category":"5","location":{"id":"17","floor":"2","xpercent":"0.110345","ypercent":"0.307273"}},{"id":"17","name":"partizan artifact 3","description":"participant in ilinden","picture":"images\/mirko-i-slavko.jpg","difficulty":"1","category":"5","location":null},{"id":"20","name":"partizan artifact 6","description":"participant in ilinden","picture":"images\/serbian_chetnik_soldier.jpg","difficulty":"2","category":"5","location":null},{"id":"21","name":"partizan artifact 4","description":"participant in ilinden","picture":"images\/serbian_chetnik_soldier.jpg","difficulty":"1","category":"5","location":{"id":"14","floor":"2","xpercent":"0.367241","ypercent":"0.794545"}}]